title,review
"Calm, clever and hard to put down","A lovely little puzzle game for winding down. The puzzles are satisfying, the flower show is beautiful, and I always end up playing longer than planned."
"My new wind-down game","Really chilled and easy to pick up. I can play for five minutes or get completely carried away. The flower displays are a lovely touch too."
"Surprisingly addictive","I thought I would have one quick go. That did not happen. The puzzles are simple to understand but keep you coming back, and the whole thing feels wonderfully relaxing."
"Beautiful and relaxing","The colours, flowers and gentle pace make this such a nice game to play when I want to switch off. There is enough challenge to keep it interesting without feeling stressful."
"Just what I needed","A fun little puzzle game that does not shout at you. It is calm, satisfying and slightly addictive in the best way. I really look forward to seeing the next flower display."
"The flowers are gorgeous","The puzzles are fun, but I stayed for the flower show. Watching it come together is oddly satisfying, especially after a busy day. Very relaxing and easy to lose track of time with."
"Great for five minutes or an hour","Perfect for picking up whenever I have a spare moment. The puzzles feel rewarding, the design is lovely, and the relaxed pace makes it easy to keep playing."
"Simple idea, lots of fun","Easy to learn and harder to stop playing than I expected. It has that rare mix of being peaceful and properly addictive. The flower show is a brilliant bonus."
"Perfect before bed","A genuinely calming puzzle game. No pressure, no frantic timers, just nice little challenges and beautiful flowers appearing as you play. My favourite way to unwind at night."
"Quietly brilliant","This game has a very nice rhythm to it. A few puzzles, a little progress, then another lovely flower display. It is relaxing, but there is always one more level I want to try."
